"","X","역번호","역사명","노선번호","노선명","환승역구분","역위도","역경도","역사도로명주소","구"
"1",1,150,"서울역","S1101","서울 도시철도 1호선","일반역",37.55575305,126.9724563,"서울특별시 중구 세종대로 지하 2 (남대문로 5가)","중구"
"2",2,151,"시청","S1101","서울 도시철도 1호선","일반역",37.56471664,126.9767513,"서울특별시 중구 세종대로 지하 101 (정동)","중구"
"3",3,152,"종각","S1101","서울 도시철도 1호선","일반역",37.57020349,126.9829483,"서울특별시 종로구 종로 지하 55 (종로1가)","종로구"
"4",4,153,"종로3가","S1101","서울 도시철도 1호선","일반역",37.57139366,126.9914115,"서울특별시 종로구 종로 지하 129 (종로3가)","종로구"
"5",5,154,"종로5가","S1101","서울 도시철도 1호선","일반역",37.57100685,127.001799,"서울특별시 종로구 종로 지하 216  (종로5가)","종로구"
"6",6,155,"동대문","S1101","서울 도시철도 1호선","일반역",37.57129132,127.0101189,"서울특별시 종로구 종로 지하 302 (창신동)","종로구"
"7",7,156,"신설동","S1101","서울 도시철도 1호선","일반역",37.57528723,127.0249104,"서울특별시 동대문구 왕산로 지하 1 (신설동)","동대문구"
"8",8,157,"제기동","S1101","서울 도시철도 1호선","일반역",37.57812027,127.0344966,"서울특별시 동대문구 왕산로 지하 93 (제기동)","동대문구"
"9",9,158,"청량리","S1101","서울 도시철도 1호선","일반역",37.5801441,127.0457768,"서울특별시 동대문구 왕산로 지하 205(전농동)","동대문구"
"10",10,159,"동묘앞","S1101","서울 도시철도 1호선","일반역",37.57253741,127.0155932,"서울특별시 종로구 종로 359 (숭인동)","종로구"
"11",11,200,"까치산","S1102","서울 도시철도 2호선","일반역",37.53168373,126.8467432,"서울특별시 강서구 강서로 지하54(화곡동)","강서구"
"12",12,201,"시청","S1102","서울 도시철도 2호선","환승역",37.56461852,126.9760864,"서울특별시 중구 세종대로 지하 101 (정동)","중구"
"13",13,202,"을지로입구","S1102","서울 도시철도 2호선","일반역",37.56597747,126.9825045,"서울특별시 중구 을지로 지하 42 (을지로1가)","중구"
"14",14,203,"을지로3가","S1102","서울 도시철도 2호선","일반역",37.56634826,126.9903084,"서울특별시 중구 을지로 지하 106 (을지로3가)","중구"
"15",15,204,"을지로4가","S1102","서울 도시철도 2호선","일반역",37.56682797,126.9979016,"서울특별시 중구 을지로 지하 178 (을지로4가)","중구"
"16",16,205,"동대문역사문화공원","S1102","서울 도시철도 2호선","일반역",37.56500251,127.007394,"서울특별시 중구 을지로 지하 279 (을지로7가)","중구"
"17",17,206,"신당","S1102","서울 도시철도 2호선","일반역",37.56582912,127.0181023,"서울특별시 중구 퇴계로 지하 431-1 (신당동)","중구"
"18",18,207,"상왕십리","S1102","서울 도시철도 2호선","일반역",37.56417104,127.0293524,"서울특별시 성동구 왕십리로 지하 374 (하왕십리동)","성동구"
"19",19,208,"왕십리","S1102","서울 도시철도 2호선","환승역",37.56152516,127.0375076,"서울특별시 성동구 왕십리로 지하300(행당동)","성동구"
"20",20,209,"한양대","S1102","서울 도시철도 2호선","일반역",37.55522179,127.0434917,"서울특별시 성동구 왕십리로 206 (행당동)","성동구"
"21",21,210,"뚝섬","S1102","서울 도시철도 2호선","일반역",37.54712239,127.0473648,"서울특별시 성동구 아차산로 18 (성수동1가)","성동구"
"22",22,211,"성수","S1102","서울 도시철도 2호선","일반역",37.5444338,127.0559893,"서울특별시 성동구 아차산로 100 (성수동2가)","성동구"
"23",23,212,"건대입구","S1102","서울 도시철도 2호선","일반역",37.54060889,127.0700628,"서울특별시 광진구 아차산로 243 (화양동)","광진구"
"24",24,213,"구의","S1102","서울 도시철도 2호선","일반역",37.53691864,127.0857297,"서울특별시 광진구 아차산로 384-1 (구의동)","광진구"
"25",25,214,"강변","S1102","서울 도시철도 2호선","일반역",37.53487706,127.0946944,"서울특별시 광진구 강변역로 53 (구의동)","광진구"
"26",26,215,"잠실나루","S1102","서울 도시철도 2호선","일반역",37.52054808,127.1036977,"서울특별시 송파구 오금로 20 (신천동)","송파구"
"27",27,216,"잠실","S1102","서울 도시철도 2호선","일반역",37.51376934,127.1021882,"서울특별시 송파구 올림픽로 지하 265 (잠실동)","송파구"
"28",28,217,"잠실새내","S1102","서울 도시철도 2호선","일반역",37.51141143,127.0860068,"서울특별시 송파구 올림픽로 지하 140 (잠실동)","송파구"
"29",29,218,"종합운동장","S1102","서울 도시철도 2호선","일반역",37.51106095,127.073542,"서울특별시 송파구 올림픽로 지하 23 (잠실동)","송파구"
"30",30,219,"삼성","S1102","서울 도시철도 2호선","일반역",37.5086936,127.063165,"서울특별시 강남구 테헤란로 지하 538 (삼성동)","강남구"
"31",31,220,"선릉","S1102","서울 도시철도 2호선","일반역",37.50437895,127.0486966,"서울특별시 강남구 테헤란로 지하 340 (삼성동)","강남구"
"32",32,221,"역삼","S1102","서울 도시철도 2호선","일반역",37.50054496,127.0363944,"서울특별시 강남구 테헤란로 지하 156 (역삼동)","강남구"
"33",33,222,"강남","S1102","서울 도시철도 2호선","일반역",37.49720244,127.0280537,"서울특별시 강남구 강남대로 지하 396 (역삼동)","강남구"
"34",34,223,"교대","S1102","서울 도시철도 2호선","일반역",37.49320061,127.0142237,"서울특별시 서초구 서초대로 지하 294 (서초동)","서초구"
"35",35,224,"서초","S1102","서울 도시철도 2호선","일반역",37.49178284,127.0075972,"서울특별시 서초구 서초대로 지하 233 (서초동)","서초구"
"36",36,225,"방배","S1102","서울 도시철도 2호선","일반역",37.48130245,126.997636,"서울특별시 서초구 방배로 지하 80 (방배동)","서초구"
"37",37,226,"사당","S1102","서울 도시철도 2호선","일반역",37.4767992,126.9816245,"서울특별시 동작구 남부순환로 지하 2089 (사당동)","동작구"
"38",38,227,"낙성대","S1102","서울 도시철도 2호선","일반역",37.47692607,126.9636002,"서울특별시 관악구 남부순환로 지하 1928 (봉천동)","관악구"
"39",39,228,"서울대입구","S1102","서울 도시철도 2호선","일반역",37.48103059,126.9526269,"서울특별시 관악구 남부순환로 지하 1822 (봉천동)","관악구"
"40",40,229,"봉천","S1102","서울 도시철도 2호선","일반역",37.48245978,126.9418478,"서울특별시 관악구 남부순환로 지하 1721 (봉천동)","관악구"
"41",41,230,"신림","S1102","서울 도시철도 2호선","일반역",37.48420085,126.9295937,"서울특별시 관악구 남부순환로 지하 1614 (신림동)","관악구"
"42",42,231,"신대방","S1102","서울 도시철도 2호선","일반역",37.48741288,126.9135942,"서울특별시 동작구 대림로 2 (신대방동)","동작구"
"43",43,232,"구로디지털단지","S1102","서울 도시철도 2호선","일반역",37.48516215,126.9014847,"서울특별시 구로구 도림천로 477 (구로동)","구로구"
"44",44,233,"대림","S1102","서울 도시철도 2호선","일반역",37.49307207,126.8957105,"서울 구로구 구로6동 125-66","구로구"
"45",45,234,"신도림","S1102","서울 도시철도 2호선","일반역",37.50874994,126.8912511,"서울특별시 구로구 새말로 지하 117-21 (신도림동)","구로구"
"46",46,235,"문래","S1102","서울 도시철도 2호선","일반역",37.51779736,126.8945439,"서울특별시 영등포구 당산로 지하 28 (문래동3가)","영등포구"
"47",47,236,"영등포구청","S1102","서울 도시철도 2호선","일반역",37.52524847,126.8958333,"서울특별시 영등포구 당산로 지하 121 (당산동3가)","영등포구"
"48",48,237,"당산","S1102","서울 도시철도 2호선","일반역",37.53425753,126.9024241,"서울특별시 영등포구 당산로 229 (당산동 6가)","영등포구"
"49",49,238,"합정","S1102","서울 도시철도 2호선","일반역",37.54959888,126.9141239,"서울특별시 마포구 양화로 지하 55 (서교동)","마포구"
"50",50,239,"홍대입구","S1102","서울 도시철도 2호선","일반역",37.55701523,126.9249829,"서울특별시 마포구 양화로 지하160 (동교동)","마포구"
"51",51,240,"신촌","S1102","서울 도시철도 2호선","일반역",37.55544179,126.9368826,"서울특별시 마포구 신촌로 지하 90 (노고산동)","마포구"
"52",52,241,"이대","S1102","서울 도시철도 2호선","일반역",37.55672128,126.945801,"서울특별시 마포구 신촌로 지하 180 (염리동)","마포구"
"53",53,242,"아현","S1102","서울 도시철도 2호선","일반역",37.55721977,126.9561295,"서울특별시 마포구 신촌로 지하 270 (아현동)","마포구"
"54",54,243,"충정로","S1102","서울 도시철도 2호선","일반역",37.56022847,126.9634503,"서울특별시 서대문구 서소문로 지하 17 (충정로3가)","서대문구"
"55",55,244,"용답","S1102","서울 도시철도 2호선","일반역",37.56183232,127.050871,"서울특별시 성동구 용답길 86 (용답동)","성동구"
"56",56,245,"신답","S1102","서울 도시철도 2호선","일반역",37.56961893,127.0468598,"서울특별시 성동구 천호대로 232 (용답동)","성동구"
"57",57,246,"신설동","S1102","서울 도시철도 2호선","일반역",37.57519632,127.0248584,"서울특별시 동대문구 왕산로 지하 1 (신설동)","동대문구"
"58",58,247,"도림천","S1102","서울 도시철도 2호선","일반역",37.51420522,126.8827022,"서울특별시 구로구 경인로 67길 160 (신도림동)","구로구"
"59",59,248,"양천구청","S1102","서울 도시철도 2호선","일반역",37.51205148,126.8656075,"서울특별시 양천구 목동로3길 지하 33(신정동)","양천구"
"60",60,249,"신정네거리","S1102","서울 도시철도 2호선","일반역",37.51999688,126.8528986,"서울특별시 양천구 중앙로 지하 261 (신정동)","양천구"
"61",61,250,"용두","S1102","서울 도시철도 2호선","일반역",37.57389197,127.0379098,"서울특별시 동대문구 천호대로 지하 129","동대문구"
"62",62,309,"지축","S1103","서울 도시철도 3호선","일반역",37.64793834,126.9137407,"경기도 고양시 덕양구 삼송로 300 (지축동)","고양시"
"63",63,310,"구파발","S1103","서울 도시철도 3호선","일반역",37.63664912,126.9187832,"서울특별시 은평구 진관2로 지하 15-25 (진관동)","은평구"
"64",64,311,"연신내","S1103","서울 도시철도 3호선","일반역",37.61881292,126.9208158,"서울특별시 은평구 통일로 지하 849 (갈현동)","은평구"
"65",65,312,"불광","S1103","서울 도시철도 3호선","일반역",37.61013354,126.9296281,"서울특별시 은평구 통일로 지하 723-1 (대조동, 3호선 불광역)","은평구"
"66",66,313,"녹번","S1103","서울 도시철도 3호선","일반역",37.60085525,126.935753,"서울특별시 은평구 통일로 지하 602-1 (녹번동)","은평구"
"67",67,314,"홍제","S1103","서울 도시철도 3호선","일반역",37.58852355,126.944165,"서울특별시 서대문구 통일로 지하 440-1 (홍제동)","서대문구"
"68",68,315,"무악재","S1103","서울 도시철도 3호선","일반역",37.58211864,126.9501814,"서울특별시 서대문구 통일로 지하 361 (홍제동)","서대문구"
"69",69,316,"독립문","S1103","서울 도시철도 3호선","일반역",37.57448506,126.9578508,"서울특별시 서대문구 통일로 지하 247 (현저동)","서대문구"
"70",70,317,"경복궁","S1103","서울 도시철도 3호선","일반역",37.57560542,126.9734832,"서울특별시 종로구 사직로 지하 130 (적선동)","종로구"
"71",71,318,"안국","S1103","서울 도시철도 3호선","일반역",37.57666379,126.9854787,"서울특별시 종로구 율곡로 지하 62 (안국동)","종로구"
"72",72,319,"종로3가","S1103","서울 도시철도 3호선","일반역",37.57139366,126.9914115,"서울특별시 종로구 종로 지하 129 (종로3가)","종로구"
"73",73,320,"을지로3가","S1103","서울 도시철도 3호선","일반역",37.56634826,126.992650024,"서울특별시 중구 을지로 지하 106 (을지로3가)","중구"
"74",74,321,"충무로","S1103","서울 도시철도 3호선","일반역",37.56140209,126.9943556,"서울특별시 중구 퇴계로 지하 199 (필동2가)","중구"
"75",75,322,"동대입구","S1103","서울 도시철도 3호선","일반역",37.55883276,127.0052813,"서울특별시 중구 동호로 지하 256 (장충동2가)","중구"
"76",76,323,"약수","S1103","서울 도시철도 3호선","일반역",37.5544519,127.0104682,"서울특별시 중구 다산로 지하 122 (신당동)","중구"
"77",77,324,"금호","S1103","서울 도시철도 3호선","일반역",37.54800401,127.0156615,"서울특별시 성동구 동호로 지하 104 (금호동4가)","성동구"
"78",78,325,"옥수","S1103","서울 도시철도 3호선","일반역",37.5414877,127.0177608,"서울특별시 성동구 동호로 21 (옥수동) 옥수역","성동구"
"79",79,326,"압구정","S1103","서울 도시철도 3호선","일반역",37.52668639,127.0283697,"서울특별시 강남구 압구정로 지하 172 (신사동)","강남구"
"80",80,327,"신사","S1103","서울 도시철도 3호선","일반역",37.51618776,127.0203269,"서울특별시 강남구 도산대로 지하 102 (신사동)","강남구"
"81",81,328,"잠원","S1103","서울 도시철도 3호선","일반역",37.51282982,127.0112442,"서울특별시 서초구 잠원로 4길 지하 46 (잠원동)","서초구"
"82",82,329,"고속터미널","S1103","서울 도시철도 3호선","일반역",37.50436623,127.0049403,"서울특별시 서초구 신반포로 지하 188 (반포동)","서초구"
"83",83,330,"교대","S1103","서울 도시철도 3호선","일반역",37.49320061,127.0140237,"서울특별시 서초구 서초대로 지하 294 (서초동)","서초구"
"84",84,331,"남부터미널","S1103","서울 도시철도 3호선","일반역",37.48482472,127.0161898,"서울특별시 서초구 서초중앙로 지하 31 (서초동)","서초구"
"85",85,332,"양재","S1103","서울 도시철도 3호선","일반역",37.48381174,127.0345768,"서울특별시 서초구 남부순환로 지하 2585 (서초동)","서초구"
"86",86,333,"매봉","S1103","서울 도시철도 3호선","일반역",37.48684644,127.0467037,"서울특별시 강남구 남부순환로 지하 2744 (도곡동)","강남구"
"87",87,334,"도곡","S1103","서울 도시철도 3호선","일반역",37.49082524,127.0553484,"서울특별시 강남구 남부순환로 지하 2814 (도곡동)","강남구"
"88",88,335,"대치","S1103","서울 도시철도 3호선","일반역",37.4942795,127.0632665,"서울특별시 강남구 남부순환로 지하 2952 (대치동)","강남구"
"89",89,336,"학여울","S1103","서울 도시철도 3호선","일반역",37.49655351,127.0713676,"서울특별시 강남구 남부순환로 지하 3104 (대치동)","강남구"
"90",90,337,"대청","S1103","서울 도시철도 3호선","일반역",37.49346096,127.079515,"서울특별시 강남구 일원로 지하 2 (일원동)","강남구"
"91",91,338,"일원","S1103","서울 도시철도 3호선","일반역",37.48382242,127.0843143,"서울특별시 강남구 일원로 지하 121 (일원동)","강남구"
"92",92,339,"수서","S1103","서울 도시철도 3호선","일반역",37.48716257,127.101553,"서울특별시 강남구 광평로 지하 270 (수서동)","강남구"
"93",93,340,"가락시장","S1103","서울 도시철도 3호선","일반역",37.49276539,127.1178996,"서울특별시 송파구 송파대로 지하 257 (가락동)","송파구"
"94",94,341,"경찰병원","S1103","서울 도시철도 3호선","일반역",37.49576539,127.1242996,"서울특별시 송파구 중대로 지하 149 (가락동)","송파구"
"95",95,342,"오금","S1103","서울 도시철도 3호선","일반역",37.50216539,127.1278996,"서울특별시 송파구 오금로 지하 321 (오금동)","송파구"
"96",96,409,"당고개","S1104","서울 도시철도 4호선","일반역",37.67032572,127.0789555,"서울특별시 노원구 상계로 305 (상계동)","노원구"
"97",97,410,"상계","S1104","서울 도시철도 4호선","일반역",37.66090497,127.0731287,"서울특별시 노원구 상계로 182 (상계동)","노원구"
"98",98,411,"노원","S1104","서울 도시철도 4호선","일반역",37.6551493,127.0624948,"서울특별시 노원구 상계로 69-1 (상계동)","노원구"
"99",99,412,"창동","S1104","서울 도시철도 4호선","일반역",37.65312232,127.0476886,"서울특별시 도봉구 마들로 11길 77 (창동)","도봉구"
"100",100,413,"쌍문","S1104","서울 도시철도 4호선","일반역",37.64853159,127.0345002,"서울특별시 도봉구 도봉로 지하 486-1 (창동)","도봉구"
"101",101,414,"수유","S1104","서울 도시철도 4호선","일반역",37.63796529,127.0254433,"서울특별시 강북구 도봉로 지하 50 (미아동)","강북구"
"102",102,415,"미아","S1104","서울 도시철도 4호선","일반역",37.62657144,127.0258287,"서울특별시 강북구 도봉로 지하 198 (미아동)","강북구"
"103",103,416,"미아사거리","S1104","서울 도시철도 4호선","일반역",37.61325241,127.0298981,"서울특별시 강북구 도봉로 지하 50 (미아동)","강북구"
"104",104,417,"길음","S1104","서울 도시철도 4호선","일반역",37.6035085,127.0249611,"서울특별시 성북구 동소문로 지하 248 (길음동)","성북구"
"105",105,418,"성신여대입구","S1104","서울 도시철도 4호선","일반역",37.5927377,127.0163071,"서울특별시 성북구 동소문로 지하 102 (동선동4가)","성북구"
"106",106,419,"한성대입구","S1104","서울 도시철도 4호선","일반역",37.58838493,127.0059994,"서울특별시 성북구 삼선교로 지하1 (삼선동1가)","성북구"
"107",107,420,"혜화","S1104","서울 도시철도 4호선","일반역",37.58228892,127.0016857,"서울특별시 종로구 대학로 지하 120 (동숭동)","종로구"
"108",108,421,"동대문","S1104","서울 도시철도 4호선","일반역",37.57089132,127.0101189,"서울특별시 종로구 율곡로 308","종로구"
"109",109,422,"동대문역사문화공원","S1104","서울 도시철도 4호선","일반역",37.56507829,127.0071679,"서울특별시 중구 장충단로 지하 230 (광희동 2가)","중구"
"110",110,423,"충무로","S1104","서울 도시철도 4호선","일반역",37.56120209,126.9943556,"서울특별시 중구 퇴계로 지하 199 (필동2가)","중구"
"111",111,424,"명동","S1104","서울 도시철도 4호선","일반역",37.56075073,126.9862482,"서울특별시 중구 퇴계로 지하 126 (충무로2가)","중구"
"112",112,425,"회현","S1104","서울 도시철도 4호선","일반역",37.55851662,126.9781303,"서울특별시 중구 퇴계로 지하 54 (남창동)","중구"
"113",113,426,"서울역","S1104","서울 도시철도 4호선","일반역",37.55356539,126.9724996,"서울특별시 용산구 한강대로 지하 392(동자동)","용산구"
"114",114,427,"숙대입구","S1104","서울 도시철도 4호선","일반역",37.54467788,126.9719943,"서울특별시 용산구 한강대로 지하 306","용산구"
"115",115,428,"삼각지","S1104","서울 도시철도 4호선","일반역",37.53475857,126.9734308,"서울특별시 용산구 한강대로 지하 180 (한강로1가)","용산구"
"116",116,429,"신용산","S1104","서울 도시철도 4호선","일반역",37.5292129,126.9677003,"서울특별시 용산구 한강대로 지하 112 (한강로2가)","용산구"
"117",117,430,"이촌","S1104","서울 도시철도 4호선","일반역",37.52234094,126.9741382,"서울특별시 용산구 용산동5가 17","용산구"
"118",118,431,"동작","S1104","서울 도시철도 4호선","일반역",37.50300413,126.9790224,"서울특별시 동작구 현충로 257 (동작동)","동작구"
"119",119,432,"총신대입구","S1104","서울 도시철도 4호선","일반역",37.48678247,126.981945,"서울특별시 동작구 동작대로 지하 117 (사당동)","동작구"
"120",120,433,"사당","S1104","서울 도시철도 4호선","일반역",37.4767992,126.9814245,"서울특별시 동작구 동작대로 3(사당동,사당역(4호선))","동작구"
"121",121,434,"남태령","S1104","서울 도시철도 4호선","일반역",37.46424858,126.9888363,"서울특별시 서초구 과천대로 지하 816 (방배동)","서초구"
"122",122,2511,"방화","S1105","서울 도시철도 5호선","일반역",37.57729066,126.8127115,"서울특별시 강서구 금낭화로 지하132 (방화동)","강서구"
"123",123,2512,"개화산","S1105","서울 도시철도 5호선","일반역",37.57231242,126.8062885,"서울특별시 강서구 양천로 22(방화동)","강서구"
"124",124,2513,"김포공항","S1105","서울 도시철도 5호선","일반역",37.5622601,126.8014703,"서울특별시 강서구 하늘길 지하77 (방화동)","강서구"
"125",125,2514,"송정","S1105","서울 도시철도 5호선","일반역",37.56115795,126.811792,"서울특별시 강서구 공항대로 지하33 (공항동)","강서구"
"126",126,2515,"마곡","S1105","서울 도시철도 5호선","일반역",37.56025035,126.8248665,"서울특별시 강서구 공항대로 지하163 (가양동)","강서구"
"127",127,2516,"발산","S1105","서울 도시철도 5호선","일반역",37.55848385,126.837456,"서울특별시 강서구 공항대로 지하267 (가양동)","강서구"
"128",128,2517,"우장산","S1105","서울 도시철도 5호선","일반역",37.54886035,126.8363531,"서울특별시 강서구 강서로 지하262 (화곡동)","강서구"
"129",129,2518,"화곡","S1105","서울 도시철도 5호선","일반역",37.54175707,126.8402952,"서울특별시 강서구 화곡로 지하168 (화곡동)","강서구"
"130",130,2519,"까치산","S1105","서울 도시철도 5호선","일반역",37.53168373,126.8467432,"서울특별시 강서구 강서로 지하54(화곡동)","강서구"
"131",131,2520,"신정","S1105","서울 도시철도 5호선","일반역",37.52501081,126.8562294,"서울특별시 양천구 오목로 지하179 (신정동)","양천구"
"132",132,2521,"목동","S1105","서울 도시철도 5호선","일반역",37.52586671,126.8645757,"서울특별시 양천구 오목로 지하245 (목동)","양천구"
"133",133,2522,"오목교","S1105","서울 도시철도 5호선","일반역",37.52436614,126.8750582,"서울특별시 양천구 오목로 지하342 (목동)","양천구"
"134",134,2523,"양평","S1105","서울 도시철도 5호선","일반역",37.52558457,126.8862032,"서울특별시 영등포구 양산로 지하21(양평동2가)","영등포구"
"135",135,2524,"영등포구청","S1105","서울 도시철도 5호선","일반역",37.52524847,126.8958333,"서울특별시 영등포구 당산로 지하 121 (당산동3가)","영등포구"
"136",136,2525,"영등포시장","S1105","서울 도시철도 5호선","일반역",37.52274531,126.9047596,"서울특별시 영등포구 양산로 지하200 (영등포동5가)","영등포구"
"137",137,2526,"신길","S1105","서울 도시철도 5호선","일반역",37.51742655,126.916543,"서울특별시 영등포구 경인로114가길 지하9 (영등포동1가)","영등포구"
"138",138,2527,"여의도","S1105","서울 도시철도 5호선","일반역",37.52165166,126.9242291,"서울특별시 영등포구 여의나루로 지하40 (여의도동)","영등포구"
"139",139,2528,"여의나루","S1105","서울 도시철도 5호선","일반역",37.52707204,126.9328665,"서울특별시 영등포구 여의동로 지하343 (여의도동)","영등포구"
"140",140,2529,"마포","S1105","서울 도시철도 5호선","일반역",37.53956668,126.9457536,"서울특별시 마포구 마포대로 지하33 (도화동)","마포구"
"141",141,2530,"공덕","S1105","서울 도시철도 5호선","일반역",37.54412449,126.9513584,"서울특별시 마포구 마포대로 지하100(공덕동)","마포구"
"142",142,2531,"애오개","S1105","서울 도시철도 5호선","일반역",37.5535295,126.9566133,"서울특별시 마포구 마포대로 지하210 (아현동)","마포구"
"143",143,2532,"충정로","S1105","서울 도시철도 5호선","일반역",37.56022847,126.9636503,"서울특별시 서대문구 충정로 28-1","서대문구"
"144",144,2533,"서대문","S1105","서울 도시철도 5호선","일반역",37.56573781,126.9665864,"서울특별시 종로구 통일로 지하126 (평동)","종로구"
"145",145,2534,"광화문","S1105","서울 도시철도 5호선","일반역",37.5708165,126.9762129,"서울특별시 종로구 세종대로 지하172 (세종로)","종로구"
"146",146,2535,"종로3가","S1105","서울 도시철도 5호선","일반역",37.57139366,126.9912115,"서울특별시 종로구 종로 지하 129 (종로3가)","종로구"
"147",147,2536,"을지로4가","S1105","서울 도시철도 5호선","일반역",37.56702797,126.9979016,"서울특별시 중구 을지로 지하 178 (을지로4가)","중구"
"148",148,2537,"동대문역사문화공원","S1105","서울 도시철도 5호선","일반역",37.56507829,127.0071679,"서울특별시 중구 을지로 지하 279 (을지로7가)","중구"
"149",149,2538,"청구","S1105","서울 도시철도 5호선","일반역",37.56021257,127.0137698,"서울특별시 중구 청구로 지하77(신당동)","중구"
"150",150,2539,"신금호","S1105","서울 도시철도 5호선","일반역",37.55440938,127.0205515,"서울특별시 성동구 금호로 지하154 (금호동2가)","성동구"
"151",151,2540,"행당","S1105","서울 도시철도 5호선","일반역",37.55754312,127.0296931,"서울특별시 성동구 행당로 지하89 (행당동)","성동구"
"152",152,2541,"왕십리","S1105","서울 도시철도 5호선","일반역",37.56172516,127.0369076,"서울특별시 성동구 왕십리로 지하300 (행당동)","성동구"
"153",153,2542,"마장","S1105","서울 도시철도 5호선","일반역",37.56620675,127.0429769,"서울특별시 성동구 마장로 지하296 (마장동)","성동구"
"154",154,2543,"답십리","S1105","서울 도시철도 5호선","일반역",37.56690598,127.0524701,"서울특별시 성동구 천호대로 지하300(용답동)","성동구"
"155",155,2544,"장한평","S1105","서울 도시철도 5호선","일반역",37.56153057,127.0642826,"서울특별시 동대문구 천호대로 지하405 (장안동)","동대문구"
"156",156,2545,"군자","S1105","서울 도시철도 5호선","일반역",37.55713392,127.079433,"서울특별시 광진구 천호대로 지하550","광진구"
"157",157,2546,"아차산","S1105","서울 도시철도 5호선","일반역",37.55203633,127.0896015,"서울특별시 광진구 천호대로 지하657","광진구"
"158",158,2547,"광나루","S1105","서울 도시철도 5호선","일반역",37.5450481,127.1035121,"서울특별시 광진구 아차산로 지하571 (광장동)","광진구"
"159",159,2548,"천호","S1105","서울 도시철도 5호선","일반역",37.53842355,127.1236234,"서울특별시 강동구 천호대로 지하997 (천호동)","강동구"
"160",160,2549,"강동","S1105","서울 도시철도 5호선","일반역",37.53587886,127.132079,"서울특별시 강동구 천호대로 지하1097 (천호동)","강동구"
"161",161,2550,"길동","S1105","서울 도시철도 5호선","일반역",37.53794494,127.1400433,"서울특별시 강동구 양재대로 지하1480 (길동)","강동구"
"162",162,2551,"굽은다리","S1105","서울 도시철도 5호선","일반역",37.54537927,127.1428116,"서울특별시 강동구 양재대로 지하1572 (명일동)","강동구"
"163",163,2552,"명일","S1105","서울 도시철도 5호선","일반역",37.55149734,127.1439883,"서울특별시 강동구 양재대로 지하1632 (명일동)","강동구"
"164",164,2553,"고덕","S1105","서울 도시철도 5호선","일반역",37.55503473,127.1540785,"서울특별시 강동구 고덕로 지하253 (고덕동)","강동구"
"165",165,2554,"상일동","S1105","서울 도시철도 5호선","일반역",37.55658759,127.1652632,"서울특별시 강동구 고덕로 지하359 (상일동)","강동구"
"166",166,2555,"둔촌동","S1105","서울 도시철도 5호선","일반역",37.52774726,127.136296,"서울특별시 강동구 양재대로 지하1369 (둔촌동)","강동구"
"167",167,2556,"올림픽공원","S1105","서울 도시철도 5호선","일반역",37.51620079,127.1308803,"서울특별시 송파구 양재대로 지하1233","송파구"
"168",168,2557,"방이","S1105","서울 도시철도 5호선","일반역",37.50865738,127.1260716,"서울특별시 송파구 양재대로 지하1127 (방이동)","송파구"
"169",169,2558,"오금","S1105","서울 도시철도 5호선","일반역",37.50196105,127.1277379,"서울특별시 송파구 오금로 지하 321 (오금동)","송파구"
"170",170,2559,"개롱","S1105","서울 도시철도 5호선","일반역",37.49782678,127.1348328,"서울특별시 송파구 오금로 지하402 (가락동)","송파구"
"171",171,2560,"거여","S1105","서울 도시철도 5호선","일반역",37.49316744,127.1436672,"서울특별시 송파구 오금로 지하499(거여동)","송파구"
"172",172,2561,"마천","S1105","서울 도시철도 5호선","일반역",37.49495884,127.152476,"서울특별시 송파구 마천로57길 지하7(마천동)","송파구"
"173",173,2611,"응암","S1106","서울 도시철도 6호선","일반역",37.59853005,126.9155088,"서울특별시 은평구 증산로 지하477 (역촌동)","은평구"
"174",174,2612,"역촌","S1106","서울 도시철도 6호선","일반역",37.60625985,126.9227732,"서울특별시 은평구 서오릉로 지하63 (녹번동)","은평구"
"175",175,2613,"불광","S1106","서울 도시철도 6호선","일반역",37.61033354,126.9298281,"서울특별시 은평구 통일로 지하 723-1 (대조동)","은평구"
"176",176,2614,"독바위","S1106","서울 도시철도 6호선","일반역",37.61844071,126.9329961,"서울특별시 은평구 불광로 지하129-1 (불광동)","은평구"
"177",177,2615,"연신내","S1106","서울 도시철도 6호선","일반역",37.61881292,126.9206158,"서울특별시 은평구 통일로 지하 849 (갈현동)","은평구"
"178",178,2616,"구산","S1106","서울 도시철도 6호선","일반역",37.61125852,126.9171923,"서울특별시 은평구 연서로 지하137-1(구산동)","은평구"
"179",179,2617,"새절","S1106","서울 도시철도 6호선","일반역",37.59099413,126.9136601,"서울특별시 은평구 증산로 지하400 (신사동","은평구"
"180",180,2618,"증산","S1106","서울 도시철도 6호선","일반역",37.58375597,126.9094115,"서울특별시 은평구 증산로 지하306(증산동)","은평구"
"181",181,2619,"디지털미디어시티","S1106","서울 도시철도 6호선","일반역",37.57663026,126.8996845,"서울특별시 은평구 수색로 지하175 (증산동)","은평구"
"182",182,2620,"월드컵경기장","S1106","서울 도시철도 6호선","일반역",37.56938269,126.8990612,"서울특별시 마포구 월드컵로 지하240 (성산동)","마포구"
"183",183,2621,"마포구청","S1106","서울 도시철도 6호선","일반역",37.56350657,126.9031935,"서울특별시 마포구 월드컵로 지하190 (성산동)","마포구"
"184",184,2622,"망원","S1106","서울 도시철도 6호선","일반역",37.55594386,126.9098166,"서울특별시 마포구 월드컵로 지하77 (망원동)","마포구"
"185",185,2623,"합정","S1106","서울 도시철도 6호선","일반역",37.54979888,126.9141239,"서울특별시 마포구 양화로 지하 45","마포구"
"186",186,2624,"상수","S1106","서울 도시철도 6호선","일반역",37.54776978,126.9225838,"서울특별시 마포구 독막로 지하85 (상수동)","마포구"
"187",187,2625,"광흥창","S1106","서울 도시철도 6호선","일반역",37.54746977,126.9318177,"서울특별시 마포구 독막로 지하 165","마포구"
"188",188,2626,"대흥","S1106","서울 도시철도 6호선","일반역",37.54766489,126.9422206,"서울특별시 마포구 대흥로 지하 85","마포구"
"189",189,2627,"공덕","S1106","서울 도시철도 6호선","일반역",37.54354807,126.9518977,"서울특별시 마포구 백범로 지하 200(공덕동)","마포구"
"190",190,2628,"효창공원앞","S1106","서울 도시철도 6호선","일반역",37.53933404,126.961371,"서울특별시 용산구 백범로 지하287 (효창동)","용산구"
"191",191,2629,"삼각지","S1106","서울 도시철도 6호선","일반역",37.53471155,126.9733777,"서울특별시 용산구 한강대로 지하 180 (한강로1가)","용산구"
"192",192,2630,"녹사평","S1106","서울 도시철도 6호선","일반역",37.53464201,126.9867518,"서울특별시 용산구 녹사평대로 지하195 (용산동4가)","용산구"
"193",193,2631,"이태원","S1106","서울 도시철도 6호선","일반역",37.53449861,126.994038,"서울특별시 용산구 이태원로 지하177(이태원동)","용산구"
"194",194,2632,"한강진","S1106","서울 도시철도 6호선","일반역",37.53974445,127.0014826,"서울특별시 용산구 이태원로 지하287 (한남동)","용산구"
"195",195,2633,"버티고개","S1106","서울 도시철도 6호선","일반역",37.54806951,127.0066086,"서울특별시 중구 다산로 지하38 (신당동)","중구"
"196",196,2634,"약수","S1106","서울 도시철도 6호선","일반역",37.5542519,127.0104682,"서울특별시 중구 다산로 지하 155 (신당동)","중구"
"197",197,2635,"청구","S1106","서울 도시철도 6호선","일반역",37.56021257,127.0135698,"서울특별시 중구 청구로 지하77(신당동)","중구"
"198",198,2636,"신당","S1106","서울 도시철도 6호선","일반역",37.56582912,127.0181023,"서울특별시 중구 퇴계로 지하 431-1 (신당동)","중구"
"199",199,2637,"동묘앞","S1106","서울 도시철도 6호선","일반역",37.57226031,127.0158732,"서울특별시 종로구 종로 359 (숭인동)","종로구"
"200",200,2638,"창신","S1106","서울 도시철도 6호선","일반역",37.57934562,127.0151078,"서울특별시 종로구 지봉로 지하112 (창신동)","종로구"
"201",201,2639,"보문","S1106","서울 도시철도 6호선","일반역",37.58543035,127.0192192,"서울특별시 성북구 보문로 지하116 (보문동1가)","성북구"
"202",202,2640,"안암","S1106","서울 도시철도 6호선","일반역",37.58623045,127.0292203,"서울특별시 성북구 고려대로 지하89 (안암동5가)","성북구"
"203",203,2641,"고려대","S1106","서울 도시철도 6호선","일반역",37.59033908,127.0358642,"서울특별시 성북구 종암로 지하1 (종암동)","성북구"
"204",204,2642,"월곡","S1106","서울 도시철도 6호선","일반역",37.6020753,127.0414221,"서울특별시 성북구 월곡로 지하107 (하월곡동)","성북구"
"205",205,2643,"상월곡","S1106","서울 도시철도 6호선","일반역",37.60632242,127.0485887,"서울특별시 성북구 화랑로 지하157 (상월곡동)","성북구"
"206",206,2644,"돌곶이","S1106","서울 도시철도 6호선","일반역",37.61052771,127.0564482,"서울특별시 성북구 화랑로 지하243 (석관동)","성북구"
"207",207,2645,"석계","S1106","서울 도시철도 6호선","일반역",37.61498323,127.0655612,"서울특별시 노원구 화랑로 지하347-1 (월계동)","노원구"
"208",208,2646,"태릉입구","S1106","서울 도시철도 6호선","일반역",37.61796533,127.0748937,"서울특별시 노원구 동일로 지하992-1 (공릉동)","노원구"
"209",209,2647,"화랑대","S1106","서울 도시철도 6호선","일반역",37.62013061,127.0844264,"서울특별시 노원구 화랑로 지하510","노원구"
"210",210,2648,"봉화산","S1106","서울 도시철도 6호선","일반역",37.61747193,127.0910857,"서울특별시 중랑구 신내로 지하232 (신내동)","중랑구"
"211",211,2649,"신내","S1106","서울 도시철도 6호선","일반역",37.61264135,127.103395,"서울특별시 중랑구 용마산로136길 33","중랑구"
"212",212,2711,"장암","S1107","서울 도시철도 7호선","일반역",37.69984712,127.0527785,"경기도 의정부시 동일로 121 (장암동)","의정부시"
"213",213,2712,"도봉산","S1107","서울 도시철도 7호선","일반역",37.68923188,127.0461005,"서울특별시 도봉구 도봉로 964-40 (도봉동)","도봉구"
"214",214,2713,"수락산","S1107","서울 도시철도 7호선","일반역",37.67791554,127.0552343,"서울특별시 노원구 동일로 지하1662 (상계동)","노원구"
"215",215,2714,"마들","S1107","서울 도시철도 7호선","일반역",37.66516233,127.0573337,"서울특별시 노원구 동일로 지하1530-1 (상계동)","노원구"
"216",216,2715,"노원","S1107","서울 도시철도 7호선","일반역",37.65496036,127.0620053,"서울특별시 노원구 상계로 69-1 (상계동)","노원구"
"217",217,2716,"중계","S1107","서울 도시철도 7호선","일반역",37.64521691,127.0640831,"서울특별시 노원구 동일로 지하1308-1 (중계동)","노원구"
"218",218,2717,"하계","S1107","서울 도시철도 7호선","일반역",37.63642687,127.0678149,"서울특별시 노원구 동일로 지하1196(하계동)","노원구"
"219",219,2718,"공릉","S1107","서울 도시철도 7호선","일반역",37.62551321,127.0728236,"서울특별시 노원구 동일로 지하1074","노원구"
"220",220,2719,"태릉입구","S1107","서울 도시철도 7호선","일반역",37.61816533,127.0746937,"서울특별시 노원구 동일로 지하992-1 (공릉동)","노원구"
"221",221,2720,"먹골","S1107","서울 도시철도 7호선","일반역",37.61073429,127.0775891,"서울특별시 중랑구 동일로 지하901 (묵동)","중랑구"
"222",222,2721,"중화","S1107","서울 도시철도 7호선","일반역",37.60251645,127.079253,"서울특별시 중랑구 동일로 지하797 (중화동)","중랑구"
"223",223,2722,"상봉","S1107","서울 도시철도 7호선","일반역",37.59608092,127.0853862,"서울특별시 중랑구 망우로 지하 297","중랑구"
"224",224,2723,"면목","S1107","서울 도시철도 7호선","일반역",37.58852412,127.0874251,"서울특별시 중랑구 면목로 지하407(면목동,면목역)","중랑구"
"225",225,2724,"사가정","S1107","서울 도시철도 7호선","일반역",37.58101455,127.0884688,"서울특별시 중랑구 사가정로 지하393 (면목동)","중랑구"
"226",226,2725,"용마산","S1107","서울 도시철도 7호선","일반역",37.5736549,127.0865586,"서울특별시 중랑구 용마산로 지하227(면목동)","중랑구"
"227",227,2726,"중곡","S1107","서울 도시철도 7호선","일반역",37.56568111,127.0841504,"서울특별시 광진구 능동로 지하417 (중곡동)","광진구"
"228",228,2727,"군자","S1107","서울 도시철도 7호선","일반역",37.55713392,127.079433,"서울특별시 광진구 천호대로 지하550","광진구"
"229",229,2728,"어린이대공원","S1107","서울 도시철도 7호선","일반역",37.54780394,127.0745637,"서울특별시 광진구 능동로 지하210(화양동)","광진구"
"230",230,2729,"건대입구","S1107","서울 도시철도 7호선","일반역",37.54060889,127.0698628,"서울특별시 광진구 능동로110(화양동6-3)","광진구"
"231",231,2730,"뚝섬유원지","S1107","서울 도시철도 7호선","일반역",37.53125616,127.0666673,"서울특별시 광진구 능동로 10 (자양동)","광진구"
"232",232,2731,"청담","S1107","서울 도시철도 7호선","일반역",37.5195959,127.0537514,"서울특별시 강남구 학동로 지하508 (청담동)","강남구"
"233",233,2732,"강남구청","S1107","서울 도시철도 7호선","일반역",37.51714842,127.0411628,"서울특별시 강남구 학동로 지하346 (삼성동)","강남구"
"234",234,2733,"학동","S1107","서울 도시철도 7호선","일반역",37.51428621,127.0317362,"서울특별시 강남구 학동로 지하180(논현동)","강남구"
"235",235,2734,"논현","S1107","서울 도시철도 7호선","일반역",37.51118691,127.0212831,"서울특별시 강남구 학동로 지하102(논현동)","강남구"
"236",236,2735,"반포","S1107","서울 도시철도 7호선","일반역",37.50820769,127.011497,"서울특별시 서초구 신반포로 지하241(잠원동)","서초구"
"237",237,2736,"고속터미널","S1107","서울 도시철도 7호선","일반역",37.50436623,127.0045403,"서울특별시 서초구 신반포로 지하 188 (반포동)","서초구"
"238",238,2737,"내방","S1107","서울 도시철도 7호선","일반역",37.4875118,126.9932223,"서울특별시 서초구 서초대로 지하103 (방배동)","서초구"
"239",239,2738,"이수","S1107","서울 도시철도 7호선","일반역",37.48658247,126.981745,"서울특별시 동작구 사당로 지하310 (사당동)","동작구"
"240",240,2739,"남성","S1107","서울 도시철도 7호선","일반역",37.48453469,126.9712351,"서울특별시 동작구 사당로 지하218 (사당동)","동작구"
"241",241,2740,"숭실대입구","S1107","서울 도시철도 7호선","일반역",37.4961804,126.9534722,"서울특별시 동작구 상도로 지하 378","동작구"
"242",242,2741,"상도","S1107","서울 도시철도 7호선","일반역",37.50285237,126.9477417,"서울특별시 동작구 상도로 지하272(상도1동)","동작구"
"243",243,2742,"장승배기","S1107","서울 도시철도 7호선","일반역",37.50482108,126.9388623,"서울특별시 동작구 상도로 지하188(상도동)","동작구"
"244",244,2743,"신대방삼거리","S1107","서울 도시철도 7호선","일반역",37.49968797,126.9280519,"서울특별시 동작구 상도로 지하76 (대방동)","동작구"
"245",245,2744,"보라매","S1107","서울 도시철도 7호선","일반역",37.49989004,126.9203052,"서울특별시 동작구 상도로 지하2(대방동)","동작구"
"246",246,2745,"신풍","S1107","서울 도시철도 7호선","일반역",37.50008919,126.9098598,"서울특별시 영등포구 신풍로 지하27(신길동)","영등포구"
"247",247,2746,"대림","S1107","서울 도시철도 7호선","일반역",37.49307207,126.8959105,"서울특별시 영등포구 도림로 지하137","영등포구"
"248",248,2747,"남구로","S1107","서울 도시철도 7호선","일반역",37.48613283,126.8873355,"서울특별시 구로구 도림로 지하7(구로동)","구로구"
"249",249,2748,"가산디지털단지","S1107","서울 도시철도 7호선","일반역",37.48121776,126.8825816,"서울특별시 금천구 벚꽃로 309 (가산동)","금천구"
"250",250,2749,"철산","S1107","서울 도시철도 7호선","일반역",37.47611739,126.8680062,"경기도 광명시 철산로 지하13 (철산동)","광명시"
"251",251,2750,"광명사거리","S1107","서울 도시철도 7호선","일반역",37.47941898,126.8547278,"경기도 광명시 오리로 지하980(광명동)","광명시"
"252",252,2751,"천왕","S1107","서울 도시철도 7호선","일반역",37.48661459,126.8386245,"서울특별시 구로구 오리로 지하1154(오류동)","구로구"
"253",253,2752,"온수","S1107","서울 도시철도 7호선","일반역",37.49215924,126.8237047,"서울특별시 구로구 경인로3길 지하64 (온수동)","구로구"
"254",254,2753,"까치울","S1107","서울 도시철도 7호선","일반역",37.50632983,126.8113309,"경기도 부천시 길주로 626","부천시"
"255",255,2754,"부천종합운동장","S1107","서울 도시철도 7호선","일반역",37.50544153,126.7972468,"경기도 부천시 길주로 지하 502","부천시"
"256",256,2755,"춘의","S1107","서울 도시철도 7호선","일반역",37.50372821,126.7868467,"경기도 부천시 길주로 지하 406","부천시"
"257",257,2756,"신중동","S1107","서울 도시철도 7호선","일반역",37.50308369,126.776328,"경기도 부천시 길주로 314","부천시"
"258",258,2757,"부천시청","S1107","서울 도시철도 7호선","일반역",37.50454132,126.7637332,"경기도 부천시 길주로 202","부천시"
"259",259,2758,"상동","S1107","서울 도시철도 7호선","일반역",37.50570416,126.7529908,"경기도 부천시 길주로 104","부천시"
"260",260,2759,"삼산체육관","S1107","서울 도시철도 7호선","일반역",37.50636043,126.7417749,"인천광역시 부평구 길주로 지하713 (삼산동)","부평구"
"261",261,2760,"굴포천","S1107","서울 도시철도 7호선","일반역",37.50708334,126.7311071,"인천광역시 부평구 길주로 지하623 (삼산동)","부평구"
"262",262,2761,"부평구청","S1107","서울 도시철도 7호선","일반역",37.50795782,126.7211284,"인천광역시 부평구 길주로 지하527(갈산동)","부평구"
"263",263,2811,"암사","S1108","서울 도시철도 8호선","일반역",37.54997529,127.1274183,"서울특별시 강동구 올림픽로 지하776 (암사동)","강동구"
"264",264,2812,"천호","S1108","서울 도시철도 8호선","일반역",37.53842355,127.1236234,"서울특별시 강동구 천호대로 지하997 (천호동)","강동구"
"265",265,2813,"강동구청","S1108","서울 도시철도 8호선","일반역",37.53047081,127.1202691,"서울특별시 강동구 올림픽로 지하550 (성내동)","강동구"
"266",266,2814,"몽촌토성","S1108","서울 도시철도 8호선","일반역",37.51742473,127.1123921,"서울특별시 송파구 올림픽로 지하383","송파구"
"267",267,2815,"잠실","S1108","서울 도시철도 8호선","일반역",37.51386481,127.1024965,"서울특별시 송파구 올림픽로 지하 265 (잠실동)","송파구"
"268",268,2816,"석촌","S1108","서울 도시철도 8호선","일반역",37.50535113,127.1069303,"서울특별시 송파구 송파대로 지하439(석촌동)","송파구"
"269",269,2817,"송파","S1108","서울 도시철도 8호선","일반역",37.4997227,127.1118647,"서울특별시 송파구 송파대로 지하354 (가락동)","송파구"
"270",270,2818,"가락시장","S1108","서울 도시철도 8호선","일반역",37.49292332,127.1180741,"서울특별시 송파구 송파대로 지하 257 (가락동)","송파구"
"271",271,2819,"문정","S1108","서울 도시철도 8호선","일반역",37.4859849,127.1222272,"서울특별시 송파구 송파대로 지하179 (문정동)","송파구"
"272",272,2820,"장지","S1108","서울 도시철도 8호선","일반역",37.47839756,127.1260529,"서울특별시 송파구 송파대로 지하82(장지동)","송파구"
"273",273,2821,"복정","S1108","서울 도시철도 8호선","일반역",37.47008981,127.1264714,"서울특별시 송파구 송파대로 지하6 (장지동)","송파구"
"274",274,2822,"산성","S1108","서울 도시철도 8호선","일반역",37.45668074,127.1498131,"경기도 성남시 수정구 수정로 지하365(신흥동)","성남시"
"275",275,2823,"남한산성입구","S1108","서울 도시철도 8호선","일반역",37.45156254,127.1597963,"경기도 성남시 수정구 산성대로 지하 445","성남시"
"276",276,2824,"단대오거리","S1108","서울 도시철도 8호선","일반역",37.44512808,127.1566517,"경기도 성남시 수정구 산성대로 지하365 (신흥동)","성남시"
"277",277,2825,"신흥","S1108","서울 도시철도 8호선","일반역",37.44088706,127.1473884,"경기도 성남시 수정구 산성대로 지하280 (신흥동)","성남시"
"278",278,2826,"수진","S1108","서울 도시철도 8호선","일반역",37.43732537,127.1406475,"경기도 성남시 수정구 산성대로 지하200 (수진동)","성남시"
"279",279,2827,"모란","S1108","서울 도시철도 8호선","일반역",37.43291644,127.1294298,"경기도 성남시 수정구 산성대로 지하100 (수진동)","성남시"
